CREATE TABLE DETAILS(
REGNO VARCHAR(10),
NAME VARCHAR(20)NOT NULL,
DOB DATE NOT NULL,
PHONE NUMBER(10) NOT NULL,
GENDER CHAR(1)NOT NULL,
CID VARCHAR(2)NOT NULL,
CNAME VARCHAR(11)NOT NULL,
INS_ID VARCHAR(2)NOT NULL,
INS_NAME VARCHAR(10)NOT NULL,
INS_OFFICE VARCHAR(10)NOT NULL,
CONSTRAINT USERDETAILs_PK PRIMARY KEY (regno)
);

INSERT INTO DETAILS
(REGNO,NAME,DOB,PHONE,GENDER,CID,CNAME,INS_ID,INS_NAME,INS_OFFICE)
VALUES('14MO1','KENNY',TO_DATE('12-JAN-1996', 'DD/MM/YYYY'),12345,'M','C1','DBMS','I1','QUASI TECH','G123');
INSERT INTO DETAILS
(REGNO,NAME,DOB,PHONE,GENDER,CID,CNAME,INS_ID,INS_NAME,INS_OFFICE)
VALUES('14MO5','MARY',TO_DATE('10-JUN-1995', 'DD/MM/YYYY'),12367,'F','C1','DBMS','I1','QUASI TECH','G123');
INSERT INTO DETAILS
(REGNO,NAME,DOB,PHONE,GENDER,CID,CNAME,INS_ID,INS_NAME,INS_OFFICE)
VALUES('14MO7','RALPH',TO_DATE('10-JUL-1996', 'DD/MM/YYYY'),12898,'M','C1','DBMS','I2','VALEO TECH','G127');
INSERT INTO DETAILS
(REGNO,NAME,DOB,PHONE,GENDER,CID,CNAME,INS_ID,INS_NAME,INS_OFFICE)
VALUES('14MO1','KENNY',TO_DATE('12-JAN-1996', 'DD/MM/YYYY'),12345,'M','C3','DS','I5','FXC TECH','G125');
INSERT INTO DETAILS
(REGNO,NAME,DOB,PHONE,GENDER,CID,CNAME,INS_ID,INS_NAME,INS_OFFICE)
VALUES('14BO1','RACHEL',TO_DATE('10-APR-1995', 'DD/MM/YYYY'),23456,'F','C3','DS','I5','FXC TECH','G125');
INSERT INTO DETAILS
(REGNO,NAME,DOB,PHONE,GENDER,CID,CNAME,INS_ID,INS_NAME,INS_OFFICE)
VALUES('14MO9','STEVE',TO_DATE('23-OCT-1995', 'DD/MM/YYYY'),34567,'M','C4','OS','I5','FXC TECH','G125');
INSERT INTO DETAILS
(REGNO,NAME,DOB,PHONE,GENDER,CID,CNAME,INS_ID,INS_NAME,INS_OFFICE)
VALUES('14BO3','WARNER',TO_DATE('20-JUL-1996', 'DD/MM/YYYY'),23456,'M','C4','OS','I5','FXC TECH','G125');

---------------------------------------------------------------------------------------------------------------

CREATE TABLE UserDetails3(
REGNO VARCHAR(11)PRIMARY KEY,
NAME VARCHAR(20)NOT NULL,
DOB DATE NOT NULL,
PHONE NUMBER(11) NOT NULL,
GENDER CHAR(1)NOT NULL,
CONSTRAINT FK_DETAILS1
FOREIGN KEY (REGNO)
REFERENCES DETAILS(REGNO)
);

INSERT INTO UserDetails3
(REGNO,NAME,DOB,PHONE,GENDER)
VALUES('14MO1','KENNY',TO_DATE('12-JAN-1996', 'DD/MM/YYYY'),12345,'M');
INSERT INTO UserDetails3
(REGNO,NAME,DOB,PHONE,GENDER)
VALUES('14MO5','MARY',TO_DATE('10-JUN-1995', 'DD/MM/YYYY'),12367,'F');
INSERT INTO UserDetails3
(REGNO,NAME,DOB,PHONE,GENDER)VALUES('14MO7','RALPH',TO_DATE('10-JUL-1996', 'DD/MM/YYYY'),12898,'M');
INSERT INTO UserDetails3
(REGNO,NAME,DOB,PHONE,GENDER)
VALUES('14MO1','KENNY',TO_DATE('12-JAN-1996', 'DD/MM/YYYY'),12345,'M');
INSERT INTO UserDetails3
(REGNO,NAME,DOB,PHONE,GENDER)
VALUES('14BO1','RACHEL',TO_DATE('10-APR-1995', 'DD/MM/YYYY'),23456,'F');
INSERT INTO UserDetails3
(REGNO,NAME,DOB,PHONE,GENDER)
VALUES('14MO9','STEVE',TO_DATE('23-OCT-1995', 'DD/MM/YYYY'),34567,'M');
INSERT INTO UserDetails3
(REGNO,NAME,DOB,PHONE,GENDER)
VALUES('14BO3','WARNER',TO_DATE('20-JUL-1996', 'DD/MM/YYYY'),23456,'M');

CREATE TABLE Course_details(
CID VARCHAR(2)PRIMARY KEY,
CNAME VARCHAR(11)NOT NULL
);

INSERT INTO Course_details
(CID,CNAME)
VALUES('C1','DBMS');
INSERT INTO Course_details
(CID,CNAME)
VALUES('C3','DS');
INSERT INTO Course_details
(CID,CNAME)
VALUES('C4','OS');


CREATE TABLE Institution_details(
INS_ID VARCHAR(11)PRIMARY KEY,
INS_NAME VARCHAR(11)NOT NULL,
INS_OFFICE VARCHAR(11)NOT NULL
);

INSERT INTO Institution_details
(INS_ID,INS_NAME,INS_OFFICE)
VALUES('I1','QUASI TECH','G123');
INSERT INTO Institution_details
(INS_ID,INS_NAME,INS_OFFICE)
VALUES('I2','VALEO TECH','G127');
INSERT INTO Institution_details
(INS_ID,INS_NAME,INS_OFFICE)
VALUES('I5','FXC TECH','G125');

CREATE TABLE USERIDS(
REGNO Varchar(11)PRIMARY KEY,
CID VARCHAR(11) NOT NULL,
INS_ID VARCHAR(11) NOT NULL
);
INSERT INTO USERIDS
(REGNO,CID,INS_ID)
VALUES('14MO1','C1','I1');
INSERT INTO USERIDS
(REGNO,CID,INS_ID)
VALUES('14M01','C3','I5');
INSERT INTO USERIDS
(REGNO,CID,INS_ID)
VALUES('14M05','C1','I1');
INSERT INTO USERIDS
(REGNO,CID,INS_ID)
VALUES('14M07','C1','I2');
INSERT INTO USERIDS
(REGNO,CID,INS_ID)
VALUES('14B01','C3','I5');
INSERT INTO USERIDS
(REGNO,CID,INS_ID)
VALUES('14M09','C4','I5');
INSERT INTO USERIDS
(REGNO,CID,INS_ID)
VALUES('14B03','C4','I5');



select * from Institution_details;
select * from Course_details;
select * from USERDETAiLS3;
select * from USERIDS;
select * from Details;